sample_id;prediction
131672_1767670500;48.57815800387807
131672_1767670800;73.04250377048176
131672_1767671100;272.8865787263235
131672_1767671400;158.0021202520403
134040_1767672000;75.09472860893425
134040_1767672300;86.97957118950207
134040_1767672600;57.066045729546275
134040_1767672900;115.49103176029655
134040_1767673200;92.33138717059532
134040_1767673500;128.91385470520234
122048_1767673800;94.9036169096611
122048_1767674100;67.50597234417563
122048_1767674400;-8.012616480545278
122048_1767674700;-35.61542526995927
122048_1767675000;-25.731328270316173
122048_1767675300;-42.64898102396019
131672_1767675600;38.631081958850444
131672_1767675900;-1.4343822361596605
131672_1767676200;-0.9725078013131965
131672_1767676500;0.6050310915175885
131672_1767676800;-40.92485877681832
131672_1767677100;-31.06173010486961
122658_1767679500;28.763582113214373
122658_1767679800;64.8168957291339
122658_1767680100;60.55455748185764
122658_1767680400;87.09815350030023
122658_1767680700;127.30989471919183
134040_1767684600;28.968917962008636
130238_1767684600;3.559509383808679
130238_1767684900;-0.4189751597428981
134040_1767684900;52.91318684993036
134040_1767685200;92.72906599551247
130238_1767685200;5.721136995349797
134040_1767685500;89.35036046524893
130238_1767685500;47.28675282753814
134040_1767685800;84.8860870449221
130238_1767685800;61.23745373762878
130238_1767686100;55.93634692100407
134040_1767686100;89.99310344131761
122658_1767686400;12.086071336375403
122658_1767686700;15.503785509352292
122658_1767687000;-2.5274127728143116
122658_1767687300;20.458155692762052
122658_1767687600;103.6856412108686
122658_1767687900;85.3917700183741
122613_1767690000;38.924058975790274
122613_1767690300;45.5571716588176
122613_1767690600;97.88085870512893
122613_1767690900;97.23762713132143
122613_1767691200;34.18453499061169
122613_1767691500;67.41288219685374
122048_1767695400;-35.14695344757757
122048_1767695700;-24.258880950103293
122048_1767696000;-17.952540786745917
122048_1767696300;-24.336790587344186
122048_1767696600;17.541827717418027
122048_1767696900;-51.30408138741367
133300_1767699000;-9.114798614439339
122048_1767699000;-110.2040052451787
133300_1767699300;5.289718016705326
122048_1767699300;-1.312202668423834
122048_1767699600;-40.73360252703117
133300_1767699600;71.59293162702926
122048_1767699900;-27.833872692572875
133300_1767699900;31.8087737692422
122048_1767700200;-2.9374000962435796
133300_1767700200;79.20247177721996
122048_1767700500;45.79878831304341
133300_1767700500;79.35319902322743
133957_1767700800;-21.244127524641225
133957_1767701100;64.67406760851142
133957_1767701400;63.71877341571212
133957_1767701700;65.8676843245845
133957_1767702000;50.871358913108175
133957_1767702300;64.72893775367135
129964_1767702600;-2.4412913997033163
129964_1767702900;-35.02970453331528
129964_1767703200;-24.662308807611968
129964_1767703500;-45.072807153266396
129964_1767704100;-92.76615430885197
122658_1767706200;74.31733948217322
122658_1767706500;22.467378303381597
122658_1767706800;21.530293217581715
122658_1767707100;12.814456798412918
122658_1767707400;14.907125931703517
131672_1767709800;82.78155544758839
122048_1767709800;-2.154233704869024
131672_1767710100;-26.881583318013643
122048_1767710100;12.117591877132506
131672_1767710400;-46.55647162323129
122048_1767710400;-17.489877565937945
122048_1767710700;-21.819884590266916
131672_1767710700;-42.97096971794276
131672_1767711000;-28.029537317897216
122048_1767711000;115.75023288459555
122048_1767711300;11.593914493562753
131672_1767711300;-50.04883802033569
132430_1767713400;238.19798091869086
133300_1767713400;2.5401336604103832
132430_1767713700;297.29004726631814
133300_1767713700;31.486553050371604
133300_1767714000;56.20449781509125
132430_1767714000;271.5808781389695
132430_1767714300;204.3914339982546
133300_1767714600;-28.115575630867927
132430_1767714600;251.73107577583758
132430_1767714900;248.05947438952012
133300_1767714900;-17.004490702334945
122048_1767717000;-26.67293451921038
122048_1767717300;0.6747227574127819
122048_1767717600;-12.390652559191247
122613_1767718800;106.47143892934685
132430_1767720000;96.45800948129572
132430_1767720300;118.49645104451957
131672_1767722400;4.749060161730846
131672_1767722700;96.04624922495523
131672_1767723000;205.35423546903795
131672_1767723300;262.06305528534074
131672_1767723600;293.9480934911945
131672_1767723900;333.29817528493294
133957_1767724200;225.36098417742588
132430_1767727800;231.6286611021982
132430_1767728100;280.40049334650865
132430_1767728400;197.04112648209636
132430_1767728700;267.6653689719952
132430_1767729000;148.7943433936981
132430_1767729300;129.84754952235033
122048_1767731400;-26.253990004174575
122048_1767731700;-4.734653992518987
122048_1767732000;23.3034737500592
122048_1767732300;14.464049625045494
122048_1767732600;13.942481836062374
122048_1767732900;6.371948833658626
134040_1767733200;195.37968989042884
134040_1767733500;204.97150522755442
134040_1767733800;233.29288803641737
134040_1767734100;259.1383677454582
134040_1767734400;272.1939359809248
134040_1767734700;316.33409436390315
130072_1767736800;20.58374751017626
130072_1767737100;9.432792294842214
130072_1767737400;18.635802537957943
130072_1767737700;15.038437796895884
130072_1767738000;9.49952858741149
130072_1767738300;18.812884061525406
130072_1767742200;14.656627281196402
130072_1767742500;5.512392976275283
130072_1767742800;6.534182888772012
130072_1767743100;8.944690790545632
130072_1767743400;13.689514499287778
130072_1767743700;17.821109104534077
